{
  "proof-of-work": 8.239489432339717,
  "proof-of-stake": 7.515161831469507
}